City_ID,City,Country,Date,Lat,Lng,Max Temp,Humidity,Cloudiness,Wind Speed
0,Pevek,RU,2022-01-26 03:48:55,69.7008,170.3133,-35.09,100,74,3.62
1,Avarua,CK,2022-01-26 03:48:56,-21.2078,-159.775,80.65,83,75,8.05
2,Yulara,AU,2022-01-26 03:48:56,-25.2406,130.9889,96.64,32,100,10.36
3,Adrar,MR,2022-01-26 03:48:57,20.5022,-10.0711,63.18,18,100,4.21
4,East London,ZA,2022-01-26 03:48:57,-33.0153,27.9116,70.74,94,75,3.44
5,Kavieng,PG,2022-01-26 03:48:57,-2.5744,150.7967,84.2,73,92,7.11
6,Punta Arenas,CL,2022-01-26 03:48:58,-53.15,-70.9167,46.51,61,0,24.16
7,Cape Town,ZA,2022-01-26 03:48:58,-33.9258,18.4232,66.61,83,0,5.99
8,Provideniya,RU,2022-01-26 03:48:59,64.3833,-173.3,-8.64,64,100,4.47
9,Vestmannaeyjar,IS,2022-01-26 03:49:00,63.4427,-20.2734,35.91,64,100,4.94
10,Airai,TL,2022-01-26 03:49:00,-8.9266,125.4092,74.91,55,100,5.88
11,Victoria,HK,2022-01-26 03:44:01,22.2855,114.1577,70.25,82,100,3.0
12,Bambous Virieux,MU,2022-01-26 03:49:01,-20.3428,57.7575,80.22,69,75,10.36
13,Beasain,ES,2022-01-26 03:49:01,43.0502,-2.2009,39.88,82,0,5.3
14,Saint-Philippe,RE,2022-01-26 03:49:01,-21.3585,55.7679,74.75,65,89,11.27
15,Yellowknife,CA,2022-01-26 03:45:01,62.456,-114.3525,1.42,89,75,12.66
16,Takaka,NZ,2022-01-26 03:49:02,-40.85,172.8,74.97,54,41,7.36
17,Najran,SA,2022-01-26 03:49:03,17.4924,44.1277,50.65,36,52,3.65
18,Albany,US,2022-01-26 03:49:03,42.6001,-73.9662,21.15,76,18,1.99
19,Bjornevatn,NO,2022-01-26 03:49:04,69.6672,29.9847,24.42,73,24,25.32
20,Busselton,AU,2022-01-26 03:49:04,-33.65,115.3333,77.86,40,11,5.64
21,Shingu,JP,2022-01-26 03:49:04,33.7333,135.9833,56.39,50,53,12.82
22,Sherlovaya Gora,RU,2022-01-26 03:49:05,50.5667,116.25,-2.29,93,73,4.21
23,Kuusamo,FI,2022-01-26 03:49:05,65.9667,29.1833,-5.76,77,75,1.14
24,Digby,CA,2022-01-26 03:45:27,44.6169,-65.7655,31.15,80,90,7.18
25,Qaanaaq,GL,2022-01-26 03:49:06,77.484,-69.3632,-11.88,61,12,7.38
26,Gujranwala,PK,2022-01-26 03:46:29,32.1617,74.1883,50.05,61,4,3.62
27,Piedra Gorda,PR,2022-01-26 03:49:07,18.4341,-66.8877,73.35,82,0,3.0
28,Hasaki,JP,2022-01-26 03:49:07,35.7333,140.8333,46.29,84,100,18.14
29,Fortuna,US,2022-01-26 03:49:08,40.5982,-124.1573,44.92,93,5,3.15
30,Arraial Do Cabo,BR,2022-01-26 03:49:08,-22.9661,-42.0278,75.04,91,0,16.67
31,Geraldton,AU,2022-01-26 03:49:09,-28.7667,114.6,90.01,31,0,20.71
32,Vaini,TO,2022-01-26 03:49:09,-21.2,-175.2,86.16,74,20,9.22
33,Ndele,CF,2022-01-26 03:49:10,8.4109,20.6473,68.94,25,87,5.17
34,Russell,US,2022-01-26 03:45:27,32.3502,-85.1999,49.28,91,0,0.0
35,Barrow,US,2022-01-26 03:47:19,71.2906,-156.7887,-7.58,77,100,23.02
36,Hilo,US,2022-01-26 03:49:10,19.7297,-155.09,73.26,89,15,6.64
37,Ushuaia,AR,2022-01-26 03:49:11,-54.8,-68.3,42.46,75,75,25.32
38,Hobart,AU,2022-01-26 03:49:11,-42.8794,147.3294,69.03,75,75,10.36
39,Shenjiamen,CN,2022-01-26 03:45:04,29.9576,122.298,48.45,87,100,10.98
40,Panguna,PG,2022-01-26 03:49:12,-6.3164,155.4848,76.12,87,97,1.16
41,Axim,GH,2022-01-26 03:49:12,4.8699,-2.2405,76.12,87,4,1.83
42,Bredasdorp,ZA,2022-01-26 03:49:13,-34.5322,20.0403,66.27,90,100,7.92
43,Devarkonda,IN,2022-01-26 03:50:13,16.7,78.9333,70.48,39,0,7.65
44,Acari,PE,2022-01-26 03:50:13,-15.4311,-74.6158,73.13,78,51,4.18
45,Umm Lajj,SA,2022-01-26 03:50:14,25.0213,37.2685,61.02,59,0,11.9
46,Lazaro Cardenas,MX,2022-01-26 03:50:14,17.9583,-102.2,74.77,78,0,5.41
47,Kodiak,US,2022-01-26 03:50:15,57.79,-152.4072,26.11,68,0,5.75
48,Bonavista,CA,2022-01-26 03:50:15,48.6499,-53.1147,30.11,69,100,14.14
49,Sobolevo,RU,2022-01-26 03:50:16,54.4299,31.8996,17.82,94,84,8.84
50,Noumea,NC,2022-01-26 03:50:16,-22.2763,166.4572,84.0,99,86,10.67
51,Cayenne,GF,2022-01-26 03:50:17,4.9333,-52.3333,75.24,94,20,0.0
52,Zilair,RU,2022-01-26 03:50:17,52.2332,57.4392,1.35,97,54,3.27
53,Butaritari,KI,2022-01-26 03:50:17,3.0707,172.7902,81.88,79,31,16.73
54,Port Alfred,ZA,2022-01-26 03:50:18,-33.5906,26.891,71.74,87,100,11.81
55,Rikitea,PF,2022-01-26 03:50:18,-23.1203,-134.9692,78.4,77,100,17.85
56,Khatanga,RU,2022-01-26 03:50:19,71.9667,102.5,-5.78,87,37,11.01
57,Nouadhibou,MR,2022-01-26 03:50:19,20.931,-17.0347,64.67,80,76,18.48
58,Puerto Ayora,EC,2022-01-26 03:50:19,-0.7393,-90.3518,73.44,90,44,6.51
59,Bluff,NZ,2022-01-26 03:50:20,-46.6,168.3333,57.79,73,86,24.14
60,Vuktyl,RU,2022-01-26 03:50:20,63.8567,57.3094,14.97,94,100,11.95
61,Luis Correia,BR,2022-01-26 03:50:21,-2.8792,-41.6669,79.92,80,96,11.16
62,Egvekinot,RU,2022-01-26 03:50:21,66.3167,-179.1667,-26.93,89,100,1.32
63,Jaora,IN,2022-01-26 03:50:21,23.6333,75.1333,56.86,48,0,6.62
64,Harper,LR,2022-01-26 03:50:22,4.375,-7.7169,77.22,85,1,4.74
65,Mar Del Plata,AR,2022-01-26 03:48:52,-38.0023,-57.5575,73.87,100,75,7.0
66,Ugoofaaru,MV,2022-01-26 03:50:22,5.6667,73.0,80.46,63,94,10.85
67,Manaia,NZ,2022-01-26 03:50:23,-39.55,174.1333,73.31,77,29,12.21
68,Antalaha,MG,2022-01-26 03:50:23,-14.9003,50.2788,73.04,95,98,7.4
69,Ambon,ID,2022-01-26 03:50:24,-3.6954,128.1814,91.54,58,20,9.22
70,Tavricheskoye,RU,2022-01-26 03:50:24,54.5851,73.6395,-5.1,100,90,5.17
71,Lisakovsk,KZ,2022-01-26 03:50:25,52.5369,62.4936,-1.03,94,24,6.6
72,Mataura,NZ,2022-01-26 03:50:25,-46.1927,168.8643,57.47,98,100,7.34
73,Narsaq,GL,2022-01-26 03:50:25,60.9167,-46.05,24.58,96,100,9.1
74,Hermanus,ZA,2022-01-26 03:50:26,-34.4187,19.2345,66.79,87,97,13.49
75,Korla,CN,2022-01-26 03:50:27,41.7597,86.1469,26.51,55,0,4.9
76,Jamestown,US,2022-01-26 03:45:28,42.097,-79.2353,17.19,92,100,3.44
77,Westport,US,2022-01-26 03:50:27,41.1415,-73.3579,32.76,61,0,1.01
78,Cherskiy,RU,2022-01-26 03:50:28,68.75,161.3,-43.64,99,58,4.81
79,Vila Franca Do Campo,PT,2022-01-26 03:50:28,37.7167,-25.4333,58.19,81,94,8.28
80,Alyangula,AU,2022-01-26 03:50:28,-13.8483,136.4192,91.27,66,40,9.22
81,Houma,US,2022-01-26 03:50:29,29.5958,-90.7195,53.6,92,45,4.0
82,Dikson,RU,2022-01-26 03:50:29,73.5069,80.5464,10.54,90,100,30.85
83,Novyy Urengoy,RU,2022-01-26 03:50:30,66.0833,76.6333,-0.58,97,100,17.6
84,Suluova,TR,2022-01-26 03:50:30,40.8313,35.6479,21.06,93,100,4.61
85,Dhidhdhoo,MV,2022-01-26 03:50:30,6.8833,73.1,80.22,57,96,8.05
86,Hithadhoo,MV,2022-01-26 03:50:31,-0.6,73.0833,81.68,65,90,18.19
87,Paamiut,GL,2022-01-26 03:50:31,61.994,-49.6678,20.08,95,100,2.01
88,North Myrtle Beach,US,2022-01-26 03:50:32,33.816,-78.68,50.02,92,75,0.0
89,Benguela,AO,2022-01-26 03:51:32,-12.5763,13.4055,75.88,89,100,3.91
90,Paraiso,CR,2022-01-26 03:51:32,9.8383,-83.8656,65.26,95,27,2.75
91,Cam Ranh,VN,2022-01-26 03:50:59,11.9214,109.1591,84.16,58,0,11.5
92,Bayburt,TR,2022-01-26 03:51:33,40.2589,40.2278,12.85,87,100,4.92
93,Ryotsu,JP,2022-01-26 03:51:33,38.0833,138.4333,42.76,74,99,8.86
94,Pisco,PE,2022-01-26 03:51:34,-13.7,-76.2167,68.05,83,0,10.36
95,Aklavik,CA,2022-01-26 03:51:34,68.2191,-135.0107,16.63,89,95,20.2
96,Nyaunglebin,MM,2022-01-26 03:51:35,17.95,96.7333,82.65,34,1,1.59
97,Pangkalanbuun,ID,2022-01-26 03:51:35,-2.6833,111.6167,90.97,50,97,5.48
98,Nanortalik,GL,2022-01-26 03:51:36,60.1432,-45.2371,27.46,97,100,3.53
99,Nyurba,RU,2022-01-26 03:51:36,63.2842,118.3319,-7.85,94,100,6.4
100,Nikolskoye,RU,2022-01-26 03:51:36,59.7035,30.7861,13.91,100,84,2.89
101,Erzin,TR,2022-01-26 03:51:37,36.9559,36.2,37.92,87,100,5.97
102,New Norfolk,AU,2022-01-26 03:51:37,-42.7826,147.0587,68.67,45,100,5.5
103,Abnub,EG,2022-01-26 03:51:38,27.2696,31.1511,39.42,52,0,3.78
104,Tasiilaq,GL,2022-01-26 03:51:38,65.6145,-37.6368,-1.34,71,24,6.69
105,Salamanca,ES,2022-01-26 03:51:38,40.8333,-6.0,33.58,84,3,2.42
106,Suifenhe,CN,2022-01-26 03:51:39,44.4,131.1667,16.59,67,73,7.14
107,Camopi,GF,2022-01-26 03:51:39,3.1655,-52.3158,70.65,99,76,1.77
108,Vilyuysk,RU,2022-01-26 03:51:40,63.7553,121.6247,-9.49,96,88,6.8
109,Kirkenes,NO,2022-01-26 03:51:40,69.7271,30.0458,25.02,73,20,25.32
110,Bambanglipuro,ID,2022-01-26 03:51:41,-7.95,110.2833,86.61,66,99,9.19
111,Ovalle,CL,2022-01-26 03:51:41,-30.5983,-71.2003,68.68,60,0,2.59
112,Willowmore,ZA,2022-01-26 03:51:41,-33.2926,23.4895,64.94,80,99,7.85
113,Tiksi,RU,2022-01-26 03:51:42,71.6872,128.8694,-1.62,94,100,13.58
114,Sheridan,US,2022-01-26 03:51:42,44.8333,-106.9173,21.38,80,0,1.99
115,Joshimath,IN,2022-01-26 03:51:43,30.5667,79.5667,39.27,49,63,1.34
116,Spring Hill,US,2022-01-26 03:47:30,28.4769,-82.5255,53.98,94,100,1.01
117,Faanui,PF,2022-01-26 03:51:43,-16.4833,-151.75,80.98,76,65,12.91
118,Ilulissat,GL,2022-01-26 03:51:44,69.2167,-51.1,5.94,65,100,11.72
119,Atuona,PF,2022-01-26 03:51:44,-9.8,-139.0333,78.49,76,7,15.77
120,Thompson,CA,2022-01-26 03:51:44,55.7435,-97.8558,-5.64,71,100,12.66
121,Porto Novo,BJ,2022-01-26 03:51:45,6.4965,2.6036,75.02,68,19,4.56
122,Seoni,IN,2022-01-26 03:51:45,22.0833,79.5333,58.41,42,0,8.12
123,Saint George,US,2022-01-26 03:51:46,37.1041,-113.5841,43.63,43,0,3.0
124,Zonguldak,TR,2022-01-26 03:51:46,41.25,31.8333,12.31,95,63,4.83
125,Saskylakh,RU,2022-01-26 03:51:46,71.9167,114.0833,9.52,84,100,19.22
126,Catamarca,AR,2022-01-26 03:51:47,-28.4696,-65.7852,82.78,61,12,2.59
127,Magadi,IN,2022-01-26 03:51:47,12.9667,77.2333,73.45,55,18,7.31
128,Kapaa,US,2022-01-26 03:51:48,22.0752,-159.319,76.98,71,20,1.99
129,San Patricio,US,2022-01-26 03:51:48,28.017,-97.5169,57.09,84,0,8.37
130,Bengkulu,ID,2022-01-26 03:51:48,-3.8004,102.2655,82.08,70,97,1.99
131,Tuatapere,NZ,2022-01-26 03:51:49,-46.1333,167.6833,57.81,79,81,14.56
132,Darab,IR,2022-01-26 03:51:49,28.7519,54.5444,50.72,60,0,1.43
133,Hambantota,LK,2022-01-26 03:51:50,6.1241,81.1185,77.34,88,20,9.22
134,Coihaique,CL,2022-01-26 03:51:50,-45.5752,-72.0662,55.35,67,0,4.61
135,Nampa,US,2022-01-26 03:51:00,43.5407,-116.5635,30.85,93,100,6.91
136,Puerto Lumbreras,ES,2022-01-26 03:51:51,37.5633,-1.8097,48.99,82,96,7.27
137,Clyde River,CA,2022-01-26 03:52:51,70.4692,-68.5914,-7.37,77,100,17.27
138,Georgetown,MY,2022-01-26 03:52:51,5.4112,100.3354,85.93,73,20,3.44
139,Bezerros,BR,2022-01-26 03:52:52,-8.2333,-35.7969,71.85,89,80,7.36
140,Chokurdakh,RU,2022-01-26 03:52:52,70.6333,147.9167,-33.14,100,100,7.14
141,Poum,NC,2022-01-26 03:52:53,-20.2333,164.0167,80.82,73,38,12.01
142,Ostrovnoy,RU,2022-01-26 03:52:53,68.0531,39.5131,15.94,87,23,19.01
143,Opuwo,NA,2022-01-26 03:52:53,-18.0607,13.84,69.33,71,29,2.46
144,Haines Junction,CA,2022-01-26 03:52:54,60.7522,-137.5108,21.15,73,71,3.44
145,Santa Fe,AR,2022-01-26 03:52:54,-31.6333,-60.7,77.02,96,99,4.0
146,Laguna,US,2022-01-26 03:52:55,38.421,-121.4238,55.24,79,0,1.01
147,Lucapa,AO,2022-01-26 03:52:55,-8.4192,20.7447,65.28,97,100,3.56
148,Grand Gaube,MU,2022-01-26 03:52:55,-20.0064,57.6608,80.38,60,2,8.99
149,Makakilo City,US,2022-01-26 03:50:15,21.3469,-158.0858,79.12,56,20,3.44
150,Gazli,UZ,2022-01-26 03:52:56,40.1333,63.45,32.11,69,0,9.06
151,Turukhansk,RU,2022-01-26 03:52:56,65.8167,87.9833,-16.46,100,92,6.62
152,Sao Raimundo Nonato,BR,2022-01-26 03:52:57,-9.0153,-42.6994,70.9,78,78,1.99
153,Padang,ID,2022-01-26 03:52:57,-0.9492,100.3543,86.05,80,100,3.0
154,Longyearbyen,SJ,2022-01-26 03:52:58,78.2186,15.6401,-0.92,91,59,3.15
155,Marrakesh,MA,2022-01-26 03:52:58,31.6315,-8.0083,50.07,87,40,8.05
156,North Platte,US,2022-01-26 03:52:59,41.1239,-100.7654,21.09,91,100,1.99
157,Sur,OM,2022-01-26 03:52:59,22.5667,59.5289,70.65,58,7,12.06
158,Le Port,RE,2022-01-26 03:52:59,-20.9373,55.2919,78.76,69,73,2.53
159,Grand Forks,US,2022-01-26 03:52:24,47.9417,-97.4337,-11.27,75,0,9.22
160,Alofi,NU,2022-01-26 03:53:00,-19.0595,-169.9187,78.69,94,13,4.61
161,Cabo San Lucas,MX,2022-01-26 03:49:06,22.8909,-109.9124,68.5,55,94,3.0
162,Mandera,KE,2022-01-26 03:53:01,3.9366,41.867,72.66,30,0,7.92
163,Tuktoyaktuk,CA,2022-01-26 03:53:01,69.4541,-133.0374,12.2,85,100,31.07
164,Sao Filipe,CV,2022-01-26 03:53:01,14.8961,-24.4956,75.22,60,2,10.18
165,Mahebourg,MU,2022-01-26 03:53:02,-20.4081,57.7,80.26,69,75,10.36
166,Coleraine,GB,2022-01-26 03:53:02,55.1333,-6.6667,46.44,91,100,10.51
167,Glossa,GR,2022-01-26 03:53:03,35.4717,23.7763,41.09,69,93,15.1
168,Fuyu,CN,2022-01-26 03:53:03,45.1833,124.8167,9.73,88,86,6.17
169,Cambridge,CA,2022-01-26 03:48:55,43.3601,-80.3127,13.53,78,100,0.0
170,Yar-Sale,RU,2022-01-26 03:53:04,66.8333,70.8333,13.73,94,100,16.98
171,Cidreira,BR,2022-01-26 03:53:04,-30.1811,-50.2056,76.87,89,85,18.84
172,Rawson,AR,2022-01-26 03:50:51,-43.3002,-65.1023,61.95,63,2,12.64
173,Lebu,CL,2022-01-26 03:53:05,-37.6167,-73.65,57.24,90,2,14.74
174,Avera,US,2022-01-26 03:53:05,33.194,-82.5271,47.71,80,72,5.82
175,Brae,GB,2022-01-26 03:53:06,60.3964,-1.353,42.71,75,70,33.6
176,Belyy Yar,RU,2022-01-26 03:53:06,53.6039,91.3903,-4.11,84,75,0.0
177,Beecher,US,2022-01-26 03:53:06,43.09,-83.6944,15.57,73,100,7.0
178,Ponta Do Sol,PT,2022-01-26 03:53:07,32.6667,-17.1,61.0,68,40,7.81
179,Ionia,US,2022-01-26 03:53:07,42.9873,-85.0711,12.94,76,100,4.61
180,Sinnamary,GF,2022-01-26 03:53:08,5.3833,-52.95,75.42,88,51,8.01
181,Merauke,ID,2022-01-26 03:53:08,-8.4667,140.3333,85.64,68,99,7.94
182,Bad Berleburg,DE,2022-01-26 03:53:09,51.05,8.4,30.42,97,30,2.26
183,Saint-Augustin,CA,2022-01-26 03:54:09,51.226,-58.6502,8.96,95,100,12.88
184,Am Timan,TD,2022-01-26 03:54:09,11.0297,20.2827,69.8,22,96,6.91
185,Isangel,VU,2022-01-26 03:54:10,-19.55,169.2667,85.33,71,18,4.25
186,Chuy,UY,2022-01-26 03:54:10,-33.6971,-53.4616,74.48,95,100,4.83
187,San Quintin,MX,2022-01-26 03:54:11,30.4833,-115.95,56.43,80,35,4.29
188,Cachira,CO,2022-01-26 03:54:11,7.741,-73.0483,60.08,95,100,4.34
189,Santa Eulalia,PE,2022-01-26 03:54:11,-11.85,-76.6833,43.97,89,78,2.13
190,Kungurtug,RU,2022-01-26 03:54:12,50.5994,97.5228,-2.63,85,93,1.16
191,Ribeira Grande,PT,2022-01-26 03:54:12,38.5167,-28.7,59.86,80,100,6.6
192,Grand-Santi,GF,2022-01-26 03:54:13,4.25,-54.3833,70.99,100,58,1.95
193,Tanda,IN,2022-01-26 03:54:13,26.55,82.65,58.98,59,0,6.13
194,Namanyere,TZ,2022-01-26 03:54:13,-7.5167,31.05,61.16,95,100,1.81
195,Gizo,SB,2022-01-26 03:54:14,-8.103,156.8419,84.31,73,100,8.39
196,Castro,BR,2022-01-26 03:54:14,-24.7911,-50.0119,64.33,97,10,4.54
197,Srednekolymsk,RU,2022-01-26 03:54:15,67.45,153.6833,-37.03,100,97,4.81
198,Uglovka,RU,2022-01-26 03:54:15,58.2392,33.5108,7.43,100,96,3.91
199,Pingdu,CN,2022-01-26 03:54:15,36.7844,119.9464,35.04,35,29,10.09
200,Sarahan,IN,2022-01-26 03:54:16,31.5167,77.8,30.76,53,48,5.84
201,Port Elizabeth,ZA,2022-01-26 03:54:16,-33.918,25.5701,69.1,83,100,8.05
202,Carnarvon,AU,2022-01-26 03:54:17,-24.8667,113.6333,84.27,54,0,18.41
203,Husavik,IS,2022-01-26 03:54:17,66.0449,-17.3389,30.11,86,94,9.98
204,Gat,IL,2022-01-26 03:54:17,31.61,34.7642,49.41,100,16,11.65
205,Chara,RU,2022-01-26 03:54:18,56.9064,118.2631,-9.47,95,52,1.1
206,Longyan,CN,2022-01-26 03:54:18,25.1072,117.0225,70.68,62,63,3.67
207,Anadyr,RU,2022-01-26 03:54:19,64.75,177.4833,-21.5,76,20,2.24
208,Sept-Iles,CA,2022-01-26 03:54:19,50.2001,-66.3821,0.05,85,75,3.44
209,Nelson Bay,AU,2022-01-26 03:54:19,-32.7167,152.15,78.85,62,72,11.16
210,Talnakh,RU,2022-01-26 03:54:20,69.4865,88.3972,-0.8,94,95,14.23
211,Grindavik,IS,2022-01-26 03:54:20,63.8424,-22.4338,32.47,93,75,8.05
212,Butembo,CD,2022-01-26 03:54:21,0.15,29.2833,57.97,71,100,2.39
213,Kwinana,AU,2022-01-26 03:54:21,-32.25,115.7667,85.17,47,0,15.86
214,Weston,US,2022-01-26 03:51:32,26.1004,-80.3998,71.62,75,40,8.01
215,Pascagoula,US,2022-01-26 03:54:22,30.3658,-88.5561,48.24,99,19,12.95
216,Koungou,YT,2022-01-26 03:54:22,-12.7336,45.2042,80.31,78,0,5.75
217,Feicheng,CN,2022-01-26 03:54:23,35.2606,117.9675,41.61,33,81,8.79
218,Mount Pleasant,US,2022-01-26 03:54:23,32.7941,-79.8626,50.99,90,0,0.0
219,Kavaratti,IN,2022-01-26 03:54:24,10.5669,72.642,77.65,52,97,4.9
220,Bethel,US,2022-01-26 03:54:24,41.3712,-73.414,30.56,70,7,5.12
221,Vardo,NO,2022-01-26 03:54:24,70.3705,31.1107,25.0,78,26,24.18
222,Empangeni,ZA,2022-01-26 03:54:25,-28.762,31.8933,71.19,94,55,2.17
223,Brewer,US,2022-01-26 03:54:25,44.7967,-68.7614,24.91,87,98,6.04
224,Tadine,NC,2022-01-26 03:54:26,-21.55,167.8833,81.3,77,77,13.22
225,Tilichiki,RU,2022-01-26 03:54:26,60.4667,166.1,-4.09,97,100,10.58
226,Oswego,US,2022-01-26 03:54:26,43.4501,-76.1497,19.35,80,85,8.37
227,Xiaoyi,CN,2022-01-26 03:54:27,34.6178,109.703,39.51,84,99,8.23
228,San Jose,US,2022-01-26 03:53:56,37.3394,-121.895,52.25,82,0,1.01
229,Itupiranga,BR,2022-01-26 03:49:44,-5.1347,-49.3267,73.15,92,100,1.3
230,Fukue,JP,2022-01-26 03:55:27,32.6881,128.8419,52.16,62,40,14.97
231,Vao,NC,2022-01-26 03:55:28,-22.6667,167.4833,77.77,72,90,11.07
232,Porosozero,RU,2022-01-26 03:55:28,62.7191,32.727,4.86,99,85,4.27
233,Norman Wells,CA,2022-01-26 03:55:29,65.282,-126.8329,34.38,78,100,19.95
234,Uramita,CO,2022-01-26 03:55:29,6.8994,-76.1742,71.11,99,100,0.89
235,Uvalde,US,2022-01-26 03:52:21,29.3669,-99.767,50.52,64,100,11.5
236,Taltal,CL,2022-01-26 03:55:30,-25.4,-70.4833,65.82,78,0,1.63
237,Upernavik,GL,2022-01-26 03:55:30,72.7868,-56.1549,-0.22,91,98,6.67
238,Kerchevskiy,RU,2022-01-26 03:55:30,59.946,56.2884,3.25,95,95,7.83
239,Ixtapa,MX,2022-01-26 03:55:31,20.7,-105.2,65.05,90,52,2.1
240,Faya,SA,2022-01-26 03:55:31,18.3851,42.4509,48.31,82,26,1.43
241,Souillac,MU,2022-01-26 03:55:32,-20.5167,57.5167,80.37,69,75,10.36
242,Elk City,US,2022-01-26 03:55:32,35.412,-99.4043,25.48,58,100,17.27
243,Severo-Kurilsk,RU,2022-01-26 03:53:58,50.6789,156.125,26.04,71,39,5.95
244,Borogontsy,RU,2022-01-26 03:55:33,62.6683,131.1683,-18.8,93,100,2.35
245,Manta,EC,2022-01-26 03:55:33,-0.95,-80.7333,74.98,88,100,3.44
246,Orotukan,RU,2022-01-26 03:55:34,62.2667,151.7,-20.15,96,100,2.44
247,Freetown,SL,2022-01-26 03:53:11,8.484,-13.2299,76.44,75,42,2.66
248,Sao Joao Da Barra,BR,2022-01-26 03:55:34,-21.6403,-41.0511,75.11,89,1,14.7
249,Leningradskiy,RU,2022-01-26 03:55:34,69.3833,178.4167,-28.88,87,31,3.83
250,Abu Dhabi,AE,2022-01-26 03:53:17,24.4667,54.3667,66.96,90,20,1.14
251,Tazovskiy,RU,2022-01-26 03:55:35,67.4667,78.7,0.99,94,100,19.77
252,Esperance,AU,2022-01-26 03:55:35,-33.8667,121.9,71.44,71,68,14.05
253,Mount Gambier,AU,2022-01-26 03:55:36,-37.8333,140.7667,78.84,58,100,9.93
254,Oussouye,SN,2022-01-26 03:55:36,12.485,-16.5469,73.49,15,100,6.29
255,Atar,MR,2022-01-26 03:55:37,20.5169,-13.0499,64.98,45,21,8.5
256,Kruisfontein,ZA,2022-01-26 03:55:37,-34.0033,24.7314,66.88,92,100,8.88
257,Darnah,LY,2022-01-26 03:55:37,32.767,22.6367,47.86,51,95,28.07
258,El Campo,US,2022-01-26 03:55:38,29.1966,-96.2697,55.83,82,100,6.91
259,Riachao Das Neves,BR,2022-01-26 03:55:38,-11.7461,-44.91,68.4,97,89,3.06
260,Caraquet,CA,2022-01-26 03:55:39,47.7941,-64.9386,7.34,94,56,9.17
261,Chapais,CA,2022-01-26 03:55:39,49.7834,-74.8492,-25.82,100,93,3.06
262,Zhigansk,RU,2022-01-26 03:55:39,66.7697,123.3711,-13.59,99,97,7.87
263,Arlit,NE,2022-01-26 03:55:40,18.7369,7.3853,55.47,22,44,7.72
264,Sulangan,PH,2022-01-26 03:55:40,11.1373,123.7228,81.63,80,44,8.25
265,Itaquitinga,BR,2022-01-26 03:55:41,-7.6678,-35.1017,79.81,81,73,3.4
266,Port Hardy,CA,2022-01-26 03:55:41,50.6996,-127.4199,40.75,100,75,4.61
267,Bonthe,SL,2022-01-26 03:55:41,7.5264,-12.505,75.02,81,1,2.3
268,Bathsheba,BB,2022-01-26 03:55:42,13.2167,-59.5167,75.81,83,20,14.97
269,Torbay,CA,2022-01-26 03:55:42,47.6666,-52.7314,29.26,88,75,8.05
270,Ancud,CL,2022-01-26 03:55:43,-41.8697,-73.8203,57.22,87,4,2.3
271,Lashio,MM,2022-01-26 03:55:43,22.9333,97.75,64.56,64,32,1.83
272,Abha,SA,2022-01-26 03:55:44,18.2164,42.5053,48.02,93,0,4.61
273,Manoel Urbano,BR,2022-01-26 03:55:44,-8.8389,-69.2597,71.91,99,97,1.81
274,Bubaque,GW,2022-01-26 03:55:45,11.2833,-15.8333,79.25,59,93,9.98
275,Rapid Valley,US,2022-01-26 03:55:45,44.0625,-103.1463,25.05,85,0,11.99
276,Niono,ML,2022-01-26 03:56:46,14.2526,-5.993,63.77,15,56,10.22
277,Keti Bandar,PK,2022-01-26 03:56:46,24.1447,67.4497,66.65,46,0,2.84
278,Lasa,IT,2022-01-26 03:56:47,46.6166,10.7002,18.34,67,0,6.64
279,Nome,US,2022-01-26 03:56:47,64.5011,-165.4064,-20.47,94,38,5.55
280,Coquimbo,CL,2022-01-26 03:56:48,-29.9533,-71.3436,60.53,82,0,1.14
281,General Pico,AR,2022-01-26 03:56:48,-35.6566,-63.7568,71.26,89,92,9.04
282,Blythe,US,2022-01-26 03:56:48,33.6103,-114.5964,57.04,22,0,12.39
283,Mehran,IR,2022-01-26 03:56:49,33.1222,46.1646,47.68,40,0,5.61
284,Luau,AO,2022-01-26 03:56:49,-10.7073,22.2247,62.58,98,100,1.52
285,Wewak,PG,2022-01-26 03:56:50,-3.5534,143.6268,84.06,72,79,6.71
286,Parkersburg,US,2022-01-26 03:55:43,39.2667,-81.5615,21.18,85,27,2.06
287,Sivaki,RU,2022-01-26 03:56:50,52.6333,126.75,6.28,76,17,8.16
288,Dwarka,IN,2022-01-26 03:56:51,22.2394,68.9678,67.03,36,0,11.9
289,Kitob,UZ,2022-01-26 03:56:51,39.0843,66.8332,30.78,37,0,3.24
290,Villamontes,BO,2022-01-26 03:56:51,-21.25,-63.5,80.87,47,94,5.95
291,Lompoc,US,2022-01-26 03:56:52,34.6391,-120.4579,54.12,83,100,4.0
292,Khakhea,BW,2022-01-26 03:56:52,-24.6895,23.494,73.13,41,77,5.73
293,Half Moon Bay,US,2022-01-26 03:56:53,37.4636,-122.4286,52.88,86,0,6.46
294,Kaitangata,NZ,2022-01-26 03:56:53,-46.2817,169.8464,52.03,92,99,8.75
295,Brownsville,US,2022-01-26 03:53:00,25.9018,-97.4975,58.91,88,75,5.75
296,Te Anau,NZ,2022-01-26 03:56:54,-45.4167,167.7167,60.03,54,52,9.69
297,Los Llanos De Aridane,ES,2022-01-26 03:56:54,28.6585,-17.9182,57.13,68,75,4.0
298,Ufimskiy,RU,2022-01-26 03:56:54,56.7084,58.0517,-3.44,99,46,4.07
299,Porto Walter,BR,2022-01-26 03:56:55,-8.2686,-72.7439,72.14,99,100,0.6
300,Simao,CN,2022-01-26 03:56:55,22.7886,100.9748,66.9,43,6,6.4
301,Santo Tomas,PH,2022-01-26 03:56:56,14.1079,121.1414,82.65,85,100,8.72
302,Luderitz,NA,2022-01-26 03:56:56,-26.6481,15.1594,72.14,64,7,18.92
303,Cap Malheureux,MU,2022-01-26 03:56:56,-19.9842,57.6142,80.47,60,2,7.0
304,Khovu-Aksy,RU,2022-01-26 03:56:57,51.1333,93.6,-2.56,82,42,4.92
305,Inhambane,MZ,2022-01-26 03:56:57,-23.865,35.3833,80.58,94,75,13.0
306,Yaan,NG,2022-01-26 03:56:58,7.3833,8.5667,76.57,16,8,11.99
307,Young,UY,2022-01-26 03:56:58,-32.6833,-57.6333,73.22,88,100,6.38
308,Christchurch,NZ,2022-01-26 03:52:06,-43.5333,172.6333,71.47,69,20,8.01
309,Auki,SB,2022-01-26 03:56:58,-8.7676,160.7034,81.43,84,99,5.41
310,Ola,RU,2022-01-26 03:56:59,59.5833,151.2833,-1.86,80,100,9.06
311,Aykhal,RU,2022-01-26 03:56:59,66.0,111.5,1.42,83,100,4.52
312,Alta,NO,2022-01-26 03:57:00,69.9689,23.2717,24.06,72,20,5.01
313,Port Lincoln,AU,2022-01-26 03:57:00,-34.7333,135.8667,75.13,77,73,12.41
314,Whitehorse,CA,2022-01-26 03:57:00,60.7161,-135.0538,27.37,68,0,2.3
315,Kununurra,AU,2022-01-26 03:57:01,-15.7667,128.7333,84.18,74,100,9.22
316,Tibu,CO,2022-01-26 03:57:01,8.639,-72.7358,74.44,90,100,1.72
317,Olustvere,EE,2022-01-26 03:57:02,58.5552,25.563,20.86,98,74,3.42
318,Orkney,ZA,2022-01-26 03:57:02,-26.9802,26.6727,65.01,65,43,9.24
319,Vanimo,PG,2022-01-26 03:57:03,-2.6741,141.3028,84.33,71,64,6.29
320,Bekwai,GH,2022-01-26 03:57:03,6.4534,-1.5774,65.68,27,1,1.5
321,Lieto,FI,2022-01-26 03:57:04,60.5103,22.4618,31.96,94,0,5.75
322,Bandarbeyla,SO,2022-01-26 03:57:04,9.4942,50.8122,72.28,66,31,16.2
323,Filadelfia,US,2022-01-26 03:55:19,39.9523,-75.1638,31.14,55,2,1.99
324,Sterling,US,2022-01-26 03:58:04,39.0062,-77.4286,31.86,58,0,1.99
325,Dakoro,NE,2022-01-26 03:58:05,14.5106,6.765,55.29,22,0,14.5
326,Tagusao,PH,2022-01-26 03:58:05,9.1924,117.8141,81.59,77,71,7.23
327,Ulaanbaatar,MN,2022-01-26 03:58:06,47.9077,106.8832,-12.87,77,37,2.24
328,Rocha,UY,2022-01-26 03:58:06,-34.4833,-54.3333,72.34,95,100,5.79
329,Ondjiva,AO,2022-01-26 03:58:06,-17.0667,15.7333,69.44,51,92,4.94
330,Henties Bay,NA,2022-01-26 03:58:07,-22.116,14.2845,66.85,91,30,10.89
331,Moussoro,TD,2022-01-26 03:58:07,13.6408,16.4901,59.86,25,3,15.26
332,Caravelas,BR,2022-01-26 03:58:08,-17.7125,-39.2481,74.46,91,100,9.53
333,Shakawe,BW,2022-01-26 03:58:08,-18.3667,21.85,68.0,65,99,4.0
334,Svetlaya,RU,2022-01-26 03:58:08,46.5389,138.3297,23.22,65,100,4.09
335,Dingle,PH,2022-01-26 03:58:09,10.9995,122.6711,83.52,75,98,13.49
336,Fairbanks,US,2022-01-26 03:58:09,64.8378,-147.7164,-4.63,99,88,0.83
337,Uchaly,RU,2022-01-26 03:58:10,54.2996,59.4521,-4.41,86,29,3.78
338,Inirida,CO,2022-01-26 03:58:10,3.8653,-67.9239,76.24,86,100,1.99
339,La Rinconada,ES,2022-01-26 03:58:10,37.4873,-5.9826,50.85,70,0,3.0
340,Meulaboh,ID,2022-01-26 03:58:11,4.1363,96.1285,84.24,67,75,1.14
341,Chernyshevskiy,RU,2022-01-26 03:58:11,63.0128,112.4714,-11.4,96,88,3.11
342,Fort-Shevchenko,KZ,2022-01-26 03:58:12,44.5086,50.263,34.29,79,100,6.42
343,Sola,VU,2022-01-26 03:58:12,-13.8833,167.55,81.93,79,99,13.71
344,Pobe,BJ,2022-01-26 03:58:13,6.9801,2.6649,68.07,41,25,1.92
345,Broome,US,2022-01-26 03:58:13,42.2506,-75.833,16.57,100,82,2.64
346,Kunyang,CN,2022-01-26 03:58:13,27.6658,120.5658,49.69,87,100,2.98
347,Nuuk,GL,2022-01-26 03:58:14,64.1835,-51.7216,20.88,73,100,6.02
348,Piacabucu,BR,2022-01-26 03:58:14,-10.4056,-36.4344,79.29,79,96,10.65
349,Totesti,RO,2022-01-26 03:58:15,45.5667,22.8833,20.64,95,99,2.28
350,Naze,JP,2022-01-26 03:58:15,28.3667,129.4833,63.52,66,53,12.44
351,Kokopo,PG,2022-01-26 03:58:15,-4.352,152.2633,86.29,64,62,10.38
352,Mehamn,NO,2022-01-26 03:58:16,71.0357,27.8492,28.35,80,75,21.85
353,Sibenik,HR,2022-01-26 03:58:16,43.7272,15.9058,42.46,71,3,5.77
354,Mukhen,RU,2022-01-26 03:58:17,48.1,136.1,10.76,86,100,3.69
355,Camacha,PT,2022-01-26 03:58:17,33.0833,-16.3333,57.52,67,40,16.11
356,Batemans Bay,AU,2022-01-26 03:58:17,-35.7167,150.1833,87.19,69,100,8.12
357,Sitka,US,2022-01-26 03:58:18,57.0531,-135.33,37.22,90,98,3.33
358,Carutapera,BR,2022-01-26 03:58:18,-1.195,-46.02,76.6,89,71,5.73
359,Kreminna,UA,2022-01-26 03:58:19,49.0495,38.2179,15.85,96,100,4.34
360,Maragogi,BR,2022-01-26 03:58:19,-9.0122,-35.2225,77.47,82,71,8.43
361,Sindou,BF,2022-01-26 03:58:20,10.6667,-5.1667,68.58,14,20,7.29
362,Berlevag,NO,2022-01-26 03:58:20,70.8578,29.0864,28.4,68,99,25.64
363,Mamallapuram,IN,2022-01-26 03:58:21,12.6264,80.1722,82.45,67,13,6.31
364,Rabaul,PG,2022-01-26 03:58:21,-4.1967,152.1721,84.65,70,62,10.45
365,Quepos,CR,2022-01-26 03:58:21,9.4236,-84.1652,79.9,71,7,3.98
366,Easton,US,2022-01-26 03:54:18,40.6884,-75.2207,28.65,61,8,1.01
367,Mendi,PG,2022-01-26 03:58:22,-6.1761,143.6513,70.74,67,100,4.9
368,Payo,ID,2022-01-26 03:58:22,-3.7508,103.6372,82.72,75,100,4.68
369,Mazatlan,MX,2022-01-26 03:59:23,23.2167,-106.4167,68.02,76,100,1.99
370,Namibe,AO,2022-01-26 03:59:23,-15.1961,12.1522,75.36,85,97,5.41
371,Itarema,BR,2022-01-26 03:59:24,-2.9248,-39.9167,80.02,76,86,11.43
372,Marsa Matruh,EG,2022-01-26 03:59:24,31.3525,27.2453,46.6,71,40,9.22
373,Hukuntsi,BW,2022-01-26 03:59:25,-24.0,21.75,73.81,44,100,5.46
374,Miri,MY,2022-01-26 03:59:25,4.4148,114.0089,78.94,94,40,3.44
375,Saldanha,ZA,2022-01-26 03:59:25,-33.0117,17.9442,59.05,92,0,17.87
376,Mount Isa,AU,2022-01-26 03:59:26,-20.7333,139.5,91.17,52,75,11.5
377,Manokwari,ID,2022-01-26 03:59:26,-0.8667,134.0833,83.97,71,97,5.84
378,Bondoukou,CI,2022-01-26 03:59:27,8.0333,-2.8,70.25,18,3,6.02
379,Pokrovsk,UA,2022-01-26 03:59:27,48.282,37.1758,11.25,98,100,4.99
380,Baykit,RU,2022-01-26 03:59:27,61.67,96.37,-12.14,100,86,1.01
381,Asau,RO,2022-01-26 03:59:28,46.4333,26.4,25.72,76,97,7.87
382,Barreirinhas,BR,2022-01-26 03:59:28,-2.7469,-42.8264,78.15,84,85,5.93
383,Tuy Hoa,VN,2022-01-26 03:59:29,13.0833,109.3,78.42,76,67,9.44
384,Vadso,NO,2022-01-26 03:59:29,70.0744,29.7487,24.96,74,20,32.21
385,Tucuma,BR,2022-01-26 03:59:29,-0.1833,-50.05,74.86,94,97,5.14
386,Santa Cruz Del Norte,CU,2022-01-26 03:59:30,23.1539,-81.9236,71.73,85,3,7.43
387,Fengzhen,CN,2022-01-26 03:59:30,40.4394,113.1536,18.07,51,100,4.41
388,Redmond,US,2022-01-26 03:56:27,47.674,-122.1215,39.34,89,96,1.99
389,Itoman,JP,2022-01-26 03:59:31,26.1247,127.6694,69.82,60,20,5.75
390,Goderich,CA,2022-01-26 03:59:31,43.7501,-81.7165,16.92,67,100,5.75
391,Chulym,RU,2022-01-26 03:58:27,55.0997,80.9572,7.2,96,99,6.4
392,Shar,KZ,2022-01-26 03:59:32,49.5886,81.0453,0.19,90,90,13.69
393,Whitecourt,CA,2022-01-26 03:59:33,54.1502,-115.6855,42.04,45,20,24.16
394,Arandis,NA,2022-01-26 03:59:33,-22.4167,14.9667,60.46,55,35,6.29
395,Lagoa,PT,2022-01-26 03:59:34,39.05,-27.9833,58.51,83,100,9.19
396,Verkhoyansk,RU,2022-01-26 03:59:34,67.5447,133.385,-16.44,100,100,2.13
397,Mnogovershinnyy,RU,2022-01-26 03:59:34,53.9353,139.9242,4.53,76,25,6.78
398,Kinshasa,CD,2022-01-26 03:59:35,-4.3246,15.3215,75.52,94,75,2.3
399,Pemba,MZ,2022-01-26 03:59:35,-12.974,40.5178,79.5,83,75,8.01
400,Cururupu,BR,2022-01-26 03:59:36,-1.8283,-44.8683,76.24,88,85,3.2
401,Moyale,KE,2022-01-26 03:59:36,3.5167,39.0584,67.42,32,5,13.33
402,Pangnirtung,CA,2022-01-26 03:59:37,66.1451,-65.7125,-11.72,99,100,2.77
403,Bayeux,BR,2022-01-26 03:59:37,-7.125,-34.9322,79.43,83,20,4.61
404,Neuquen,AR,2022-01-26 03:54:53,-38.9516,-68.0591,76.89,61,0,4.61
405,Tucuman,AR,2022-01-26 03:57:38,-26.8241,-65.2226,77.0,83,0,8.05
406,Vila Velha,BR,2022-01-26 03:59:38,-20.3297,-40.2925,76.44,94,40,4.61
407,Praia Da Vitoria,PT,2022-01-26 03:59:38,38.7333,-27.0667,59.25,94,40,6.13
408,Dubrovnik,HR,2022-01-26 03:59:39,42.6481,18.0922,40.64,35,0,16.11
409,Laurel,US,2022-01-26 03:59:39,39.0993,-76.8483,32.47,54,100,1.99
410,Biak,ID,2022-01-26 03:59:40,-0.9131,122.8766,82.81,75,89,3.27
411,Road Town,VG,2022-01-26 04:00:40,18.4167,-64.6167,75.99,69,16,15.61
412,Cilaos,RE,2022-01-26 04:00:40,-21.1336,55.4719,64.9,79,82,5.73
413,Santa Isabel,BR,2022-01-26 04:00:41,-23.3156,-46.2214,75.36,98,47,2.95
414,Novosergiyevka,RU,2022-01-26 04:00:41,52.0934,53.6528,7.16,96,98,7.18
415,Tigre,AR,2022-01-26 04:00:42,-34.426,-58.5796,78.24,87,89,1.99
416,Yumen,CN,2022-01-26 04:00:42,40.2833,97.2,24.4,36,89,10.11
417,Gushikawa,JP,2022-01-26 04:00:43,26.3544,127.8686,69.03,64,30,8.16
418,Codrington,AU,2022-01-26 04:00:43,-38.2667,141.9667,90.39,34,87,2.35
419,Hofn,IS,2022-01-26 04:00:44,64.2539,-15.2082,30.65,59,56,17.94
420,Kushima,JP,2022-01-26 04:00:44,31.4583,131.2333,54.12,52,2,9.95
421,Burnie,AU,2022-01-26 04:00:45,-41.0667,145.9167,72.95,65,44,13.31
422,Palu,ID,2022-01-26 04:00:45,-0.8917,119.8707,91.85,51,100,4.41
423,Male,MV,2022-01-26 04:00:46,4.1748,73.5089,80.01,66,99,11.81
424,Portland,US,2022-01-26 03:56:39,45.5234,-122.6762,41.2,76,83,10.0
425,Roebourne,AU,2022-01-26 04:00:46,-20.7833,117.1333,90.59,55,1,14.36
426,Payson,US,2022-01-26 04:00:47,40.0444,-111.7321,32.99,75,92,2.98
427,Olafsvik,IS,2022-01-26 04:00:48,64.8945,-23.7142,35.91,59,92,10.38
428,Melita,CA,2022-01-26 04:00:48,49.2681,-100.9967,-0.45,85,81,14.34
429,Guaira,BR,2022-01-26 04:00:49,-20.3183,-48.3106,67.77,97,41,3.38
430,Maceio,BR,2022-01-26 04:00:49,-9.6658,-35.7353,78.24,88,40,2.3
431,Vila,PT,2022-01-26 04:00:50,42.0304,-8.1588,34.68,82,0,4.25
432,Laviana,ES,2022-01-26 04:00:50,43.2333,-5.5333,43.29,77,0,4.72
433,Hami,CN,2022-01-26 04:00:51,42.8,93.45,25.56,42,8,4.65
434,Abu Samrah,SY,2022-01-26 04:00:52,35.3029,37.1841,40.06,86,76,3.33
435,Kilindoni,TZ,2022-01-26 04:00:52,-7.9139,39.6668,81.45,68,99,16.24
436,Mpika,ZM,2022-01-26 04:00:52,-11.8343,31.4529,60.28,97,100,8.93
437,Litovko,RU,2022-01-26 04:00:53,49.2361,135.1742,0.68,90,96,1.79
438,Layou,VC,2022-01-26 04:00:53,13.2,-61.2667,74.98,77,16,14.23
439,Viedma,AR,2022-01-26 04:00:54,-40.8135,-62.9967,65.34,67,96,14.18
440,Byron Bay,AU,2022-01-26 04:00:54,-28.65,153.6167,76.95,80,100,5.66
441,Lanja,IN,2022-01-26 04:00:55,16.85,73.55,73.18,43,47,2.42
442,Wageningen,NL,2022-01-26 04:00:55,51.9667,5.6667,38.1,88,100,5.44
443,Puerto Del Rosario,ES,2022-01-26 04:00:56,28.5004,-13.8627,58.75,72,4,10.36
444,Ondarroa,ES,2022-01-26 04:00:56,43.3167,-2.4167,41.52,76,0,4.88
445,Quatre Cocos,MU,2022-01-26 04:00:57,-20.2078,57.7625,80.1,66,17,15.3
446,Namatanai,PG,2022-01-26 04:00:57,-3.6667,152.4333,85.86,66,70,6.96
447,Abbeville,FR,2022-01-26 04:00:35,50.1,1.8333,37.36,81,90,4.74
448,Norrtalje,SE,2022-01-26 04:00:58,59.758,18.705,33.03,60,99,11.48
449,Asfi,MA,2022-01-26 04:00:58,32.2994,-9.2372,56.97,74,53,3.58
450,Zapolyarnyy,RU,2022-01-26 04:00:58,69.4154,30.8136,16.88,87,24,15.43
451,Ploemeur,FR,2022-01-26 04:00:59,47.7333,-3.4333,38.62,96,100,10.36
452,Lerwick,GB,2022-01-26 04:00:59,60.1545,-1.1494,42.8,73,77,33.73
453,Maneadero,MX,2022-01-26 04:01:00,31.7167,-116.5667,56.1,80,29,0.78
454,Tura,IN,2022-01-26 04:01:00,25.5198,90.2201,70.99,41,0,1.45
455,Port Keats,AU,2022-01-26 04:01:01,-14.25,129.55,81.82,83,100,9.31
456,Gornyye Klyuchi,RU,2022-01-26 04:01:01,45.25,133.5,12.24,82,95,2.8
457,Tocopilla,CL,2022-01-26 04:01:02,-22.092,-70.1979,67.48,71,44,0.2
458,Ouallam,NE,2022-01-26 04:01:02,14.3188,2.0866,60.15,18,55,11.16
459,Qaqortoq,GL,2022-01-26 04:02:03,60.7167,-46.0333,27.1,96,100,9.06
460,Santa Lucia,ES,2022-01-26 04:02:03,27.9117,-15.5407,53.76,88,40,9.22
461,Cockburn Town,TC,2022-01-26 04:00:09,21.4612,-71.1419,76.91,74,1,8.23
462,San Cristobal,VE,2022-01-26 04:02:04,7.7669,-72.225,68.5,84,100,2.53
463,Vostok,RU,2022-01-26 04:02:04,46.4856,135.8833,12.4,84,100,4.09
464,Traverse City,US,2022-01-26 04:02:05,44.7631,-85.6206,14.2,84,100,6.91
465,Mirnyy,RU,2022-01-26 04:02:05,62.5353,113.9611,-7.04,97,93,6.67
466,Bodden Town,KY,2022-01-26 04:02:06,19.2833,-81.25,77.94,92,8,1.01
467,Calama,CL,2022-01-26 04:00:27,-22.4667,-68.9333,56.89,33,80,0.29
468,Kulhudhuffushi,MV,2022-01-26 04:02:06,6.6221,73.07,80.15,58,98,7.96
469,Samarai,PG,2022-01-26 04:02:07,-10.6167,150.6667,85.23,70,100,3.4
470,Vanavara,RU,2022-01-26 04:02:07,60.34,102.2797,-6.86,96,97,1.74
471,Ballina,AU,2022-01-26 04:02:08,-28.8667,153.5667,73.78,81,100,5.95
472,Kashi,CN,2022-01-26 04:02:08,39.4547,75.9797,29.23,47,100,2.51
473,Carolina,PR,2022-01-26 04:02:08,18.3808,-65.9574,74.86,87,2,5.5
474,Lomovka,RU,2022-01-26 04:02:09,53.9194,58.3672,-5.93,94,77,0.96
475,Cabedelo,BR,2022-01-26 04:02:09,-6.9811,-34.8339,80.22,76,99,12.01
476,Helena,US,2022-01-26 04:00:20,46.5927,-112.0361,27.63,67,49,5.61
477,Belaya Gora,RU,2022-01-26 04:02:10,68.5333,146.4167,-36.27,100,90,4.18
478,Touros,BR,2022-01-26 04:02:10,-5.1989,-35.4608,79.9,78,100,12.97
479,Okmulgee,US,2022-01-26 04:02:11,35.6234,-95.9605,30.78,34,100,11.5
480,Porto Belo,BR,2022-01-26 04:02:11,-27.1578,-48.5531,80.17,87,48,7.52
481,Omsukchan,RU,2022-01-26 04:02:12,62.5333,155.8,-26.68,98,99,3.33
482,Motygino,RU,2022-01-26 04:02:12,58.1831,94.7592,1.09,96,98,2.73
483,Salekhard,RU,2022-01-26 04:02:13,66.53,66.6019,5.97,98,100,4.9
484,Sibolga,ID,2022-01-26 04:02:13,1.7427,98.7792,77.49,86,100,1.9
485,Kharan,PK,2022-01-26 04:02:14,28.5833,65.4167,47.03,33,0,8.52
486,Karacabey,TR,2022-01-26 04:02:14,40.2152,28.4038,26.06,88,92,2.98
487,Naryan-Mar,RU,2022-01-26 04:02:14,67.6713,53.087,14.58,95,92,12.37
488,Payakumbuh,ID,2022-01-26 04:02:15,-0.2202,100.6308,72.27,94,100,1.36
489,Nishihara,JP,2022-01-26 04:02:15,26.1842,127.7558,69.08,60,20,5.75
490,Urucara,BR,2022-01-26 04:02:16,-2.5364,-57.76,73.67,98,100,1.25
491,College,US,2022-01-26 04:02:16,64.8569,-147.8028,-5.1,100,84,1.12
492,Valparaiso,CL,2022-01-26 03:59:48,-33.0393,-71.6273,60.44,77,0,3.44
493,Tamworth,GB,2022-01-26 04:02:17,52.634,-1.6959,38.64,91,13,3.0
494,Vaitape,PF,2022-01-26 04:02:17,-16.5167,-151.75,81.0,76,68,12.93
495,Primorsk,UA,2022-01-26 04:02:18,46.7348,36.3443,20.03,91,93,6.49
496,Valentin Gomez Farias,MX,2022-01-26 04:02:18,28.2167,-106.5833,50.2,32,100,8.55
497,Kimbe,PG,2022-01-26 04:02:19,-5.5502,150.1429,86.47,70,55,7.47
498,Worland,US,2022-01-26 04:02:19,44.0169,-107.9554,29.68,80,0,1.99
499,Muros,ES,2022-01-26 04:02:19,42.7762,-9.0603,39.7,73,2,6.55
500,Shahrud,IR,2022-01-26 03:59:10,36.4182,54.9763,31.59,38,67,2.46
501,Pine Bluff,US,2022-01-26 04:00:03,34.2284,-92.0032,34.68,61,2,11.01
502,Ahipara,NZ,2022-01-26 04:02:20,-35.1667,173.1667,75.13,74,10,8.57
503,Muroto,JP,2022-01-26 04:02:21,33.2833,134.15,54.63,57,3,9.1
504,Resistencia,AR,2022-01-26 04:01:31,-27.4606,-58.9839,86.11,99,88,10.63
505,Japura,ID,2022-01-26 04:02:21,-0.3167,102.35,83.71,69,99,3.83
506,Maniwaki,CA,2022-01-26 04:00:52,46.3834,-75.966,-20.88,99,9,2.82
507,Lumphat,KH,2022-01-26 04:03:22,13.4878,106.9816,89.08,43,86,5.73
508,Labuan,MY,2022-01-26 04:03:23,5.2767,115.2417,84.36,76,100,3.67
509,Severobaykalsk,RU,2022-01-26 04:03:23,55.65,109.3167,-1.97,91,97,1.86
510,Gotsu,JP,2022-01-26 04:03:24,35.0,132.2167,48.43,61,33,12.35
511,Beyneu,KZ,2022-01-26 04:03:24,45.3167,55.2,27.91,80,24,11.34
512,Santa Vitoria,BR,2022-01-26 04:03:25,-18.8386,-50.1214,72.82,86,94,3.89
513,Lingao,CN,2022-01-26 04:03:25,19.9103,109.6859,72.34,84,96,11.68
514,Gorontalo,ID,2022-01-26 04:03:26,0.5412,123.0595,87.06,67,78,5.3
515,Havoysund,NO,2022-01-26 04:03:26,70.9963,24.6622,27.48,63,100,23.49
516,Sao Gabriel Da Cachoeira,BR,2022-01-26 04:03:27,-0.1303,-67.0892,72.79,98,100,2.53
517,Sydney,AU,2022-01-26 04:00:03,-33.8679,151.2073,82.47,62,20,1.01
518,Deputatskiy,RU,2022-01-26 04:03:27,69.3,139.9,-31.16,99,33,5.53
519,Kalanguy,RU,2022-01-26 04:03:28,51.0167,116.5167,4.53,89,78,3.06
520,Hamilton,US,2022-01-26 04:01:58,39.1834,-84.5333,20.03,63,0,1.99
521,Saint Anthony,US,2022-01-26 04:03:28,45.0205,-93.218,-5.96,72,0,1.01
522,Beringovskiy,RU,2022-01-26 04:03:29,63.05,179.3167,-18.53,91,67,2.1
523,Pochutla,MX,2022-01-26 04:03:29,15.7432,-96.4661,77.85,76,0,3.42
524,Amapa,BR,2022-01-26 04:03:30,1.0,-52.0,70.09,99,34,1.57
525,Tabat,ID,2022-01-26 04:03:30,-2.635,115.2274,87.4,65,94,2.84
526,Kysyl-Syr,RU,2022-01-26 04:03:31,63.8986,122.7617,-8.64,97,92,6.38
527,Oriximina,BR,2022-01-26 04:03:31,-1.7656,-55.8661,77.81,78,100,2.3
528,Dzhebariki-Khaya,RU,2022-01-26 04:03:32,62.2167,135.8,-22.2,95,100,2.53
529,Lakhimpur,IN,2022-01-26 04:03:32,27.95,80.7667,57.13,62,36,7.4
530,Tofield,CA,2022-01-26 04:03:33,53.3668,-112.6686,39.81,72,36,17.78
531,Bud,US,2022-01-26 04:03:33,39.447,-86.1758,16.18,66,1,9.55
532,George Town,MY,2022-01-26 04:03:34,5.4112,100.3354,85.93,70,20,5.75
533,Mbamba,NG,2022-01-26 04:03:34,9.9833,13.1,61.75,27,60,5.21
534,Saint-Francois,FR,2022-01-26 04:03:34,46.4154,3.9054,25.68,100,100,2.3
535,Lorengau,PG,2022-01-26 04:03:35,-2.0226,147.2712,84.97,71,100,6.04
536,Mecca,SA,2022-01-26 04:03:35,21.4267,39.8261,65.39,69,0,3.06
537,Taoudenni,ML,2022-01-26 04:03:36,22.6783,-3.9836,66.94,21,100,8.52
538,Dukat,RU,2022-01-26 04:03:36,62.55,155.55,-27.76,98,100,2.48
539,San Vicente,AR,2022-01-26 04:03:37,-26.6167,-54.1333,68.58,98,86,2.51
540,Zhezkazgan,KZ,2022-01-26 04:03:37,47.8043,67.7144,-11.22,77,40,6.71
541,Hay River,CA,2022-01-26 04:00:28,60.8156,-115.7999,16.45,89,100,8.7
542,Svetlogorsk,BY,2022-01-26 04:03:38,52.6333,29.7333,26.1,91,92,12.28
543,Tomatlan,MX,2022-01-26 04:03:39,19.9333,-105.25,66.0,88,50,2.24
544,Lavrentiya,RU,2022-01-26 04:03:39,65.5833,-171.0,-21.68,87,15,5.41
545,Sonoita,MX,2022-01-26 04:03:40,31.85,-112.8333,60.53,31,2,4.81
546,Palagiano,IT,2022-01-26 04:03:40,40.5782,17.0374,43.83,77,35,10.0
547,Grenville,GD,2022-01-26 04:03:41,12.1167,-61.6167,78.33,76,12,18.72
548,Castanos,MX,2022-01-26 04:03:41,26.7833,-101.4167,58.35,40,1,3.31
